{
	"sources" : 
	[
		{
			"file" : "C:/Users/ville/Documents/GitHub/Pill_dispenser/cmake-build-debug/pico-sdk/src/rp2_common/pico_cyw43_driver/CMakeFiles/pioasmBuild"
		},
		{
			"file" : "C:/Users/ville/Documents/GitHub/Pill_dispenser/cmake-build-debug/pico-sdk/src/rp2_common/pico_cyw43_driver/CMakeFiles/pioasmBuild.rule"
		},
		{
			"file" : "C:/Users/ville/Documents/GitHub/Pill_dispenser/cmake-build-debug/pico-sdk/src/rp2_common/pico_cyw43_driver/CMakeFiles/pioasmBuild-complete.rule"
		},
		{
			"file" : "C:/Users/ville/Documents/GitHub/Pill_dispenser/cmake-build-debug/pico-sdk/src/rp2_common/pico_cyw43_driver/pioasm/src/pioasmBuild-stamp/pioasmBuild-build.rule"
		},
		{
			"file" : "C:/Users/ville/Documents/GitHub/Pill_dispenser/cmake-build-debug/pico-sdk/src/rp2_common/pico_cyw43_driver/pioasm/src/pioasmBuild-stamp/pioasmBuild-configure.rule"
		},
		{
			"file" : "C:/Users/ville/Documents/GitHub/Pill_dispenser/cmake-build-debug/pico-sdk/src/rp2_common/pico_cyw43_driver/pioasm/src/pioasmBuild-stamp/pioasmBuild-download.rule"
		},
		{
			"file" : "C:/Users/ville/Documents/GitHub/Pill_dispenser/cmake-build-debug/pico-sdk/src/rp2_common/pico_cyw43_driver/pioasm/src/pioasmBuild-stamp/pioasmBuild-install.rule"
		},
		{
			"file" : "C:/Users/ville/Documents/GitHub/Pill_dispenser/cmake-build-debug/pico-sdk/src/rp2_common/pico_cyw43_driver/pioasm/src/pioasmBuild-stamp/pioasmBuild-mkdir.rule"
		},
		{
			"file" : "C:/Users/ville/Documents/GitHub/Pill_dispenser/cmake-build-debug/pico-sdk/src/rp2_common/pico_cyw43_driver/pioasm/src/pioasmBuild-stamp/pioasmBuild-patch.rule"
		},
		{
			"file" : "C:/Users/ville/Documents/GitHub/Pill_dispenser/cmake-build-debug/pico-sdk/src/rp2_common/pico_cyw43_driver/pioasm/src/pioasmBuild-stamp/pioasmBuild-update.rule"
		}
	],
	"target" : 
	{
		"labels" : 
		[
			"pioasmBuild"
		],
		"name" : "pioasmBuild"
	}
}