{
	"sources" : 
	[
		{
			"file" : "C:/Users/ville/Documents/GitHub/rpi-pico-minimal/cmake-build-debug/_deps/picotool-build/CMakeFiles/enc_bootloader"
		},
		{
			"file" : "C:/Users/ville/Documents/GitHub/rpi-pico-minimal/cmake-build-debug/_deps/picotool-build/CMakeFiles/enc_bootloader.rule"
		},
		{
			"file" : "C:/Users/ville/Documents/GitHub/rpi-pico-minimal/cmake-build-debug/_deps/picotool-build/CMakeFiles/enc_bootloader-complete.rule"
		},
		{
			"file" : "C:/Users/ville/Documents/GitHub/rpi-pico-minimal/cmake-build-debug/_deps/picotool-build/enc_bootloader/src/enc_bootloader-stamp/enc_bootloader-build.rule"
		},
		{
			"file" : "C:/Users/ville/Documents/GitHub/rpi-pico-minimal/cmake-build-debug/_deps/picotool-build/enc_bootloader/src/enc_bootloader-stamp/enc_bootloader-configure.rule"
		},
		{
			"file" : "C:/Users/ville/Documents/GitHub/rpi-pico-minimal/cmake-build-debug/_deps/picotool-build/enc_bootloader/src/enc_bootloader-stamp/enc_bootloader-download.rule"
		},
		{
			"file" : "C:/Users/ville/Documents/GitHub/rpi-pico-minimal/cmake-build-debug/_deps/picotool-build/enc_bootloader/src/enc_bootloader-stamp/enc_bootloader-install.rule"
		},
		{
			"file" : "C:/Users/ville/Documents/GitHub/rpi-pico-minimal/cmake-build-debug/_deps/picotool-build/enc_bootloader/src/enc_bootloader-stamp/enc_bootloader-mkdir.rule"
		},
		{
			"file" : "C:/Users/ville/Documents/GitHub/rpi-pico-minimal/cmake-build-debug/_deps/picotool-build/enc_bootloader/src/enc_bootloader-stamp/enc_bootloader-patch.rule"
		},
		{
			"file" : "C:/Users/ville/Documents/GitHub/rpi-pico-minimal/cmake-build-debug/_deps/picotool-build/enc_bootloader/src/enc_bootloader-stamp/enc_bootloader-update.rule"
		}
	],
	"target" : 
	{
		"labels" : 
		[
			"enc_bootloader"
		],
		"name" : "enc_bootloader"
	}
}