{
	"sources" : 
	[
		{
			"file" : "C:/Users/ville/Documents/GitHub/rpi-pico-minimal/cmake-build-debug/_deps/picotool-build/CMakeFiles/enc_bootloader_mbedtls"
		},
		{
			"file" : "C:/Users/ville/Documents/GitHub/rpi-pico-minimal/cmake-build-debug/_deps/picotool-build/CMakeFiles/enc_bootloader_mbedtls.rule"
		},
		{
			"file" : "C:/Users/ville/Documents/GitHub/rpi-pico-minimal/cmake-build-debug/_deps/picotool-build/CMakeFiles/enc_bootloader_mbedtls-complete.rule"
		},
		{
			"file" : "C:/Users/ville/Documents/GitHub/rpi-pico-minimal/cmake-build-debug/_deps/picotool-build/enc_bootloader_mbedtls/src/enc_bootloader_mbedtls-stamp/enc_bootloader_mbedtls-build.rule"
		},
		{
			"file" : "C:/Users/ville/Documents/GitHub/rpi-pico-minimal/cmake-build-debug/_deps/picotool-build/enc_bootloader_mbedtls/src/enc_bootloader_mbedtls-stamp/enc_bootloader_mbedtls-configure.rule"
		},
		{
			"file" : "C:/Users/ville/Documents/GitHub/rpi-pico-minimal/cmake-build-debug/_deps/picotool-build/enc_bootloader_mbedtls/src/enc_bootloader_mbedtls-stamp/enc_bootloader_mbedtls-download.rule"
		},
		{
			"file" : "C:/Users/ville/Documents/GitHub/rpi-pico-minimal/cmake-build-debug/_deps/picotool-build/enc_bootloader_mbedtls/src/enc_bootloader_mbedtls-stamp/enc_bootloader_mbedtls-install.rule"
		},
		{
			"file" : "C:/Users/ville/Documents/GitHub/rpi-pico-minimal/cmake-build-debug/_deps/picotool-build/enc_bootloader_mbedtls/src/enc_bootloader_mbedtls-stamp/enc_bootloader_mbedtls-mkdir.rule"
		},
		{
			"file" : "C:/Users/ville/Documents/GitHub/rpi-pico-minimal/cmake-build-debug/_deps/picotool-build/enc_bootloader_mbedtls/src/enc_bootloader_mbedtls-stamp/enc_bootloader_mbedtls-patch.rule"
		},
		{
			"file" : "C:/Users/ville/Documents/GitHub/rpi-pico-minimal/cmake-build-debug/_deps/picotool-build/enc_bootloader_mbedtls/src/enc_bootloader_mbedtls-stamp/enc_bootloader_mbedtls-update.rule"
		}
	],
	"target" : 
	{
		"labels" : 
		[
			"enc_bootloader_mbedtls"
		],
		"name" : "enc_bootloader_mbedtls"
	}
}