{
	"sources" : 
	[
		{
			"file" : "C:/Users/ville/Documents/GitHub/rpi-pico-minimal/cmake-build-debug/_deps/picotool-subbuild/CMakeFiles/picotool-populate"
		},
		{
			"file" : "C:/Users/ville/Documents/GitHub/rpi-pico-minimal/cmake-build-debug/_deps/picotool-subbuild/CMakeFiles/picotool-populate.rule"
		},
		{
			"file" : "C:/Users/ville/Documents/GitHub/rpi-pico-minimal/cmake-build-debug/_deps/picotool-subbuild/CMakeFiles/picotool-populate-complete.rule"
		},
		{
			"file" : "C:/Users/ville/Documents/GitHub/rpi-pico-minimal/cmake-build-debug/_deps/picotool-subbuild/picotool-populate-prefix/src/picotool-populate-stamp/picotool-populate-build.rule"
		},
		{
			"file" : "C:/Users/ville/Documents/GitHub/rpi-pico-minimal/cmake-build-debug/_deps/picotool-subbuild/picotool-populate-prefix/src/picotool-populate-stamp/picotool-populate-configure.rule"
		},
		{
			"file" : "C:/Users/ville/Documents/GitHub/rpi-pico-minimal/cmake-build-debug/_deps/picotool-subbuild/picotool-populate-prefix/src/picotool-populate-stamp/picotool-populate-download.rule"
		},
		{
			"file" : "C:/Users/ville/Documents/GitHub/rpi-pico-minimal/cmake-build-debug/_deps/picotool-subbuild/picotool-populate-prefix/src/picotool-populate-stamp/picotool-populate-install.rule"
		},
		{
			"file" : "C:/Users/ville/Documents/GitHub/rpi-pico-minimal/cmake-build-debug/_deps/picotool-subbuild/picotool-populate-prefix/src/picotool-populate-stamp/picotool-populate-mkdir.rule"
		},
		{
			"file" : "C:/Users/ville/Documents/GitHub/rpi-pico-minimal/cmake-build-debug/_deps/picotool-subbuild/picotool-populate-prefix/src/picotool-populate-stamp/picotool-populate-patch.rule"
		},
		{
			"file" : "C:/Users/ville/Documents/GitHub/rpi-pico-minimal/cmake-build-debug/_deps/picotool-subbuild/picotool-populate-prefix/src/picotool-populate-stamp/picotool-populate-test.rule"
		},
		{
			"file" : "C:/Users/ville/Documents/GitHub/rpi-pico-minimal/cmake-build-debug/_deps/picotool-subbuild/picotool-populate-prefix/src/picotool-populate-stamp/picotool-populate-update.rule"
		}
	],
	"target" : 
	{
		"labels" : 
		[
			"picotool-populate"
		],
		"name" : "picotool-populate"
	}
}